currencyCode,countryName,currencyExchangeRate,path
HKD,Hong Kong Dollar,629.980896120519,CAD | USD | CNY | HKD
USD,USA Dollar,1071.7669543107966,CAD | HKD | USD
BRL,Brazil Real,5606.142227658262,CAD | HKD | USD | SAR | UYU | BRL
EUR,Euro,921.5459877075052,CAD | HKD | USD | SAR | LRD | GBP | EUR
PHP,Philippines Peso,4051.7661092371286,CAD | USD | CNY | HKD | PHP
INR,India Rupee,5959.872797923864,CAD | USD | CNY | HKD | INR
VND,Vietnam Dong,1860156.8536113708,CAD | USD | CNY | HKD | VND
KRW,South Korea Won,95466.75578323996,CAD | USD | CNY | HKD | PHP | KRW
SGD,Singapore Dollar,105.58242232950596,CAD | USD | CNY | HKD | PHP | KRW | SGD
THB,Thailand Baht,2604.133442201228,CAD | USD | CNY | HKD | PHP | KRW | SGD | THB
JPY,Japan Yen,118794.4654426744,CAD | HKD | USD | JPY
MXN,Mexico Peso,21319.042049186235,CAD | HKD | USD | MXN
SAR,Saudi Arabia Riyal,4049.106468699175,CAD | HKD | USD | SAR
UYU,Uruguay Peso,46317.76583756853,CAD | HKD | USD | SAR | UYU
LRD,Liberia Dollar,186360.65672936058,CAD | HKD | USD | SAR | LRD
SDG,Sudan Pound,478577.5682516372,CAD | HKD | USD | SAR | SDG
DZD,Algeria Dinar,149912.2059139772,CAD | HKD | USD | SAR | LRD | DZD
GBP,Great Britain Pound,785.9708695032873,CAD | HKD | USD | SAR | LRD | GBP
LBP,Lebanon Pound,1660863.1705001988,CAD | HKD | USD | SAR | LRD | GBP | LBP
NOK,Norway Kroner,9446.987734265329,CAD | HKD | USD | SAR | LRD | GBP | NOK
SEK,Sweden Krona,9472.869404569195,CAD | HKD | USD | SAR | LRD | GBP | NOK | SEK
TRY,Turkish New Lira,9317.268232704457,CAD | HKD | USD | SAR | LRD | GBP | NOK | SEK | TRY
CHF,Switzerland Franc,1050.9077285960157,CAD | HKD | USD | SAR | LRD | GBP | NOK | SEK | CHF
TTD,Trinidad/Tobago Dollar,7298.926573952838,CAD | HKD | USD | SAR | UYU | BRL | TTD
TND,Tunisia Dinar,3037.6763978469107,CAD | HKD | USD | SAR | UYU | TND
ARS,Argentina Peso,105627.21988054703,CAD | HKD | USD | SAR | UYU | BRL | ARS
NZD,New Zealand Dollar,1535.7487751749502,CAD | HKD | USD | SAR | LRD | GBP | EUR | NZD
AUD,Australia Dollar,1483.493903521431,CAD | HKD | USD | SAR | LRD | GBP | EUR | AUD
BZD,Belize Dollar,2207.889699025402,CAD | HKD | USD | SAR | LRD | GBP | EUR | BZD
BBD,Barbados Dollar,-1,
KYD,Cayman Islands Dollar,-1,
CNY,China Yuan/Renminbi,6952.93346385845,CAD | HKD | USD | CNY
BTC,Bitcoin,0.0018177453431355334,CAD | BTC
ETH,Ethereum,0.025750567140583967,CAD | BTC | ETH
BAN,Banano,9061.732839912438,CAD | BTC | BAN
NANO,Nano,15.308198300289671,CAD | BTC | NANO
ADA,Cardano,37.020105343715905,CAD | BTC | NANO | ADA
DOGE,Dogecoin,368.47444184854015,CAD | BTC | NANO | DOGE
LTC,Litecoin,0.49096307431558994,CAD | BTC | NANO | ADA | LTC
ALGO,Algorand,42.876871501465814,CAD | BTC | NANO | ADA | ALGO
BCH,BitcoinCash,0.164328935590362,CAD | BTC | NANO | ADA | ALGO | BCH
